# A hand-written sample showing the columns crest reads, and the three populations
# that make the problem interesting. Comment lines like this one are ignored.
#
#   already safe      - high stability, reviewed recently; needs nothing
#   near the edge     - the timing of a review decides how much it is worth
#   slipping away     - either review it, or decide not to and know why
#
# Only stability, difficulty and days_since_review (or last_review) are required.
card_id,stability,difficulty,days_since_review,seconds_recall,seconds_lapse,label
safe-1,420.0,2.8,9,8.5,24.0,Capital of France
safe-2,180.5,3.4,12,9.0,26.0,Mitochondrion function
edge-1,14.2,5.5,13,13.0,36.0,Beta blocker contraindications
edge-2,21.0,6.1,25,15.5,42.0,Krebs cycle intermediates
edge-3,9.8,7.2,11,18.0,48.0,Antiarrhythmic class III agents
edge-4,30.1,4.9,40,11.0,32.0,Renal clearance equation
slip-1,2.4,8.6,55,22.0,60.0,Warfarin drug interactions
slip-2,1.1,9.2,80,25.0,68.0,Brachial plexus branches
slip-3,3.7,7.8,46,19.5,54.0,Cranial nerve nuclei locations
slip-4,0.9,9.8,120,27.0,72.0,Glycolysis regulatory enzymes
new-ish-1,1.8,5.0,2,10.0,28.0,Just learned yesterday
mature-1,95.0,4.1,70,10.5,30.0,Overdue but well established
